model_variant,visibility_principle,context_relevance,entity_naming,informativeness,redundancy_avoidance,style_readability,total
baseline,3.136842105263158,3.778947368421053,3.6526315789473682,3.9263157894736844,3.6842105263157894,4.88421052631579,3.3473684210526318
finetuned,4.410526315789474,4.526315789473684,4.515789473684211,4.4526315789473685,4.494736842105263,4.968421052631579,4.326315789473684
