variant,mean_length,median_length,std_length,min_length,max_length,num_empty,num_long
reference,108.34375,109.5,20.07490048048447,49,167,0,1
baseline,134.88229166666667,133.0,29.18338870285263,38,247,0,280
finetuned,105.76979166666666,105.0,20.168273434915015,47,179,0,20
baseline_no_context,111.83645833333334,109.0,27.46945073398888,52,271,0,82
finetuned_no_context,104.22604166666666,104.0,20.95319648947436,49,185,0,15
